{
  "model": "cnn_lstm__severity_index",
  "n_bins": 5,
  "bin_edges": [
    1.999999,
    148.0,
    287.8000000000002,
    600.0,
    1146.6000000000004,
    2556.3600010000005
  ],
  "bin_labels": [
    "2\u2013148",
    "148\u2013288",
    "288\u2013600",
    "600\u20131147",
    "1147\u20132556"
  ]
}